index,Tipo via
33,COMO
208,ALZ
209,BST
211,CSO
212,CSO
213,CSO
214,CSO
215,CSO
216,CSO
217,CSO
218,CSO
219,CSO
220,CSO
221,CSO
222,CSO
223,CSO
224,CSO
225,CSO
226,CSO
227,CSO
228,CSO
229,CSO
230,CSO
231,CSO
232,CSO
233,CSO
234,CSO
235,FOR
236,FOR
237,LGO
238,LGO
239,LGO
240,LGO
241,LGO
242,LGO
244,PLE
245,PLE
246,PLE
247,PLE
249,PLE
248,PLE
250,PLE
251,PLE
252,PLE
253,PZA
254,PZA
255,PZA
256,PZA
257,PZA
258,PZA
259,PZA
260,PZA
261,PZA
262,PZA
263,PZA
264,PZA
265,PZA
266,PZA
267,PZA
268,PZA
269,PZA
270,PZA
271,PZA
272,PZA
273,PZA
274,VIA
275,VIA
276,VIA
277,VIA
278,VIA
279,VIA
280,VIA
281,VIA
282,VIA
283,VIA
284,VIA
285,VIA
286,VIA
287,VIA
288,VIA
289,VIA
290,VIA
291,VIA
292,VIA
293,VIA
294,VIA
295,VIA
296,VIA
297,VIA
298,VIA
299,VIA
300,VIA
301,VIA
302,VIA
303,VIA
304,VIA
305,VIA
306,VIA
307,VIA
308,VIA
309,VIA
310,VIA
311,VIA
312,VIA
313,VIA
314,VIA
315,VIA
316,VIA
317,VIA
318,VIA
319,VIA
320,VIA
321,VIA
322,VIA
323,VIA
324,VIA
325,VIA
326,VIA
327,VIA
328,VIA
329,VIA
330,VIA
331,VIA
332,VIA
333,VIA
334,VIA
335,VIA
336,VIA
337,VIA
338,VIA
339,VIA
340,VIA
341,VIA
342,VIA
343,VIA
344,VIA
345,VIA
346,VIA
347,VIA
348,VIA
349,VIA
350,VIA
351,VIA
352,VIA
353,VIA
354,VIA
355,VIA
356,VIA
357,VIA
358,VIA
359,VIA
360,VIA
361,VIA
362,VIA
363,VIA
364,VIA
365,VIA
366,VIA
367,VIA
368,VIA
369,VIA
370,VIA
371,VIA
372,VIA
373,VIA
374,VIA
375,VIA
376,VIA
377,VIA
378,VIA
379,VIA
381,VIA
380,VIA
382,VIA
383,VIA
384,VIA
385,VIA
405,VIA
406,VIA
386,VIA
387,VIA
388,VIA
389,VIA
390,VIA
391,VIA
404,VIA
397,VIA
392,VIA
393,VIA
394,VIA
395,VIA
396,VIA
398,VIA
399,VIA
401,VIA
400,VIA
402,VIA
403,VIA
407,VIA
408,VIA
409,VIA
410,VIA
411,VIA
412,VIA
413,VIA
414,VIA
415,VIA
430,VIA
416,VIA
417,VIA
418,VIA
419,VIA
420,VIA
421,VIA
422,VIA
423,VIA
424,VIA
425,VIA
426,VIA
427,VIA
428,VIA
429,VIA
431,VIA
432,VIA
433,VIA
434,VIA
435,VIA
436,VIA
437,VIA
438,VIA
439,VIA
440,VIA
441,VIA
442,VIA
443,VIA
444,VIA
445,VIA
446,VIA
447,VIA
448,VIA
449,VIA
450,VIA
451,VIA
452,VIA
454,VIA
455,VIA
453,VIA
456,VIA
457,VIA
458,VIA
459,VIA
460,VIA
461,VIA
462,VIA
463,VIA
464,VIA
465,VIA
466,VIA
467,VIA
468,VIA
469,VIA
470,VIA
471,VIA
472,VIA
473,VIA
474,VIA
475,VIA
476,VIA
477,VIA
478,VIA
479,VIA
480,VIA
481,VIA
482,VIA
483,VIA
484,VIA
485,VIA
486,VIA
488,VIA
487,VIA
489,VIA
490,VIA
491,VIA
492,VIA
493,VIA
494,VIA
495,VIA
496,VIA
497,VIA
498,VIA
499,VIA
500,VIA
501,VIA
502,VIA
503,VIA
504,VIA
505,VIA
506,VIA
507,VIA
508,VIA
509,VIA
510,VIA
511,VIA
512,VIA
513,VIA
514,VIA
515,VIA
516,VIA
517,VIA
518,VIA
519,VIA
520,VIA
521,VIA
522,VIA
523,VIA
524,VIA
525,VIA
527,VIA
526,VIA
528,VIA
529,VIA
530,VIA
531,VIA
532,VIA
533,VIA
534,VIA
535,VIA
536,VIA
537,VIA
538,VIA
539,VIA
540,VIA
541,VIA
542,VIA
543,VIA
544,VIA
545,VIA
546,VIA
547,VIA
548,VIA
549,VIA
550,VIA
551,VIA
552,VIA
553,VIA
554,VIA
556,VIA
555,VIA
557,VIA
558,VIA
559,VIA
560,VIA
561,VIA
562,VIA
563,VIA
564,VIA
565,VIA
566,VIA
567,VIA
568,VIA
569,VIA
570,VIA
571,VIA
572,VIA
573,VIA
574,VIA
575,VIA
576,VIA
577,VIA
578,VIA
580,VIA
579,VIA
582,VIA
581,VIA
583,VIA
584,VIA
585,VIA
586,VIA
587,VIA
588,VIA
589,VIA
590,VIA
591,VIA
592,VIA
593,VIA
594,VIA
595,VIA
596,VIA
597,VIA
598,VIA
599,VIA
600,VIA
601,VIA
602,VIA
603,VIA
604,VIA
605,VIA
606,VIA
607,VIA
608,VIA
609,VIA
610,VIA
611,VIA
612,VIA
613,VIA
614,VIA
617,VIA
615,VIA
616,VIA
618,VIA
619,VIA
620,VIA
621,VIA
622,VIA
623,VIA
624,VIA
625,VIA
626,VIA
627,VIA
628,VIA
629,VIA
630,VIA
631,VIA
632,VIA
634,VIA
638,VIA
633,VIA
636,VIA
635,VIA
637,VIA
639,VIA
640,VIA
641,VIA
642,VIA
644,VIA
643,VIA
645,VIA
646,VIA
647,VIA
648,VIA
649,VIA
650,VIA
651,PZA
652,VIA
653,VIA
654,VIA
655,VIA
656,VIA
657,VIA
658,VIA
659,VIA
660,VIA
661,VIA
662,VIA
663,VIA
664,VIA
665,VIA
666,VIA
667,VIA
668,VIA
669,VIA
670,VIA
671,VIA
672,VIA
673,VIA
674,VIA
675,VIA
676,VIA
677,VIA
678,VIA
679,VIA
680,VIA
681,VIA
682,VIA
683,VIA
687,VIA
684,VIA
685,VIA
686,VIA
688,VIA
689,VIA
690,VIA
691,VIA
692,VIA
693,VIA
694,VIA
695,VIA
696,VIA
697,VIA
698,VIA
699,VIA
700,VIA
701,VIA
702,VIA
703,VIA
704,VIA
705,VIA
706,VIA
707,VIA
708,VIA
709,VIA
710,VIA
711,VIA
712,VIA
713,VIA
714,VIA
715,VIA
716,VIA
717,VIA
718,VIA
719,VIA
720,VIA
721,VIA
722,VIE
723,VLE
724,VLE
725,VLE
726,VLE
727,VLE
728,VLE
729,VLE
730,VLE
731,VLE
732,VLE
733,VLE
734,VLE
735,VLE
736,VLE
737,VLE
738,VLE
739,VLE
740,VLE
741,VLE
742,VLE
743,VLE
744,VIA
745,VIA
746,VLE
747,VLE
748,VLE
749,VLE
750,VLE
751,VLE
752,VLE
753,VLE
754,VLE
755,VLE
756,VLE
757,VLE
758,VLE
761,VLE
763,VLE
762,VLE
759,VLE
760,VLE
764,VLE
765,VLE
767,VLE
766,VLE
768,VLE
769,VLE
770,VLE
771,VLE
772,VLE
773,VLE
774,VLE
775,VLE
776,VLE
777,VLE
778,VLE
779,VLE
780,VLE
781,VLE
782,VLE
783,VLE
784,VLE
785,VLE
786,VLE
787,VLE
788,VLE
789,VLE
790,VLE
791,VLE
792,VLE
793,VLO
210,CSO
243,CSO
803,CSO
804,CSO
805,CSO
806,CSO
807,CSO
808,VLE
809,CSO
810,CSO
811,CSO
812,CSO
813,VIA
814,VIA
815,VIA
816,VIA
817,VIA
818,VIA
819,VIA
820,VIA
821,VIA
822,VIA
823,VIA
824,VIA
825,VIA
826,VIA
827,VIA
828,VIA
831,VIA
829,VIA
830,VIA
832,VIA
833,VIA
834,VIA
835,VIA
836,VIA
837,VIA
838,VIA
839,VIA
840,VIA
841,VIA
842,VIA
843,VIA
844,VIA
845,VIA
846,VIA
847,VIA
848,VIA
849,VIA
850,VIA
851,VIA
853,VIA
852,VIA
854,VIA
855,VIA
856,VIA
857,VIA
858,VIA
859,VIA
860,VIA
861,VIA
862,VLE
863,VLE
864,VLE
865,VLE
866,VLE
867,VLE
869,CSO
870,CSO
871,CSO
872,GLL
873,PLE
874,PZA
875,PZA
876,PZA
877,VIA
878,VIA
879,VIA
880,VIA
881,VIA
882,VIA
883,VIA
884,VIA
885,VIA
891,VIA
892,VIA
886,VIA
887,VIA
888,VIA
889,VIA
890,VIA
893,VIA
894,VIA
895,VIA
896,VIA
897,VIA
898,VIA
899,VIA
900,VIA
901,VIA
902,VIA
903,VIA
904,VIA
905,VIA
906,VIA
907,VIA
908,VIA
909,VIA
910,VIA
911,VIA
912,VIA
913,VIA
914,VIA
915,VIA
916,VIA
917,VIA
918,VIA
919,VIA
920,VLE
921,VLE
922,VLE
923,VLE
924,VLE
794,VIA
795,VIA
796,VIA
797,PZA
798,VIA
31,CSO
32,
34,CSO
35,CSO
36,CSO
37,CSO
38,CSO
39,CSO
40,CSO
41,CSO
42,CSO
43,CSO
44,CSO
45,PAS
46,PLE
47,PLE
48,PZA
49,PZA
50,PZA
51,PZA
52,PZA
53,PZA
54,PZA
55,PZA
56,PZA
57,PZA
58,PZA
59,VIA
60,VIA
61,VIA
62,VIA
63,VIA
64,VIA
65,VIA
66,VIA
67,VIA
68,VIA
70,VIA
69,VIA
71,VIA
72,VIA
73,VIA
74,VIA
75,VIA
76,VIA
77,VIA
78,VIA
79,VIA
80,VIA
81,VIA
82,VIA
83,VIA
84,VIA
85,VIA
86,VIA
87,VIA
88,VIA
89,VIA
90,VIA
91,VIA
92,VIA
93,VIA
94,VIA
99,VIA
98,VIA
95,VIA
96,VIA
97,VIA
100,VIA
101,VIA
102,VIA
103,VIA
104,VIA
105,VIA
106,VIA
107,VIA
108,VIA
109,VIA
110,VIA
111,VIA
112,VIA
113,VIA
114,VIA
115,VIA
116,VIA
117,VIA
118,VIA
119,VIA
120,VIA
121,VIA
122,VIA
123,VIA
124,VIA
125,VIA
126,VIA
127,VIA
128,VIA
129,VIA
130,VIA
131,VIA
132,VIA
133,VIA
134,VIA
135,VIA
136,VIA
137,VIA
138,VIA
139,VIA
140,VIA
141,VIA
142,VIA
143,VIA
144,VIA
145,VIA
147,VIA
146,VIA
148,VIA
149,VIA
150,VIA
151,VIA
152,VIA
153,VIA
154,VIA
155,VIA
156,VIA
157,VIA
158,VIA
159,VIA
160,VIA
161,VIA
162,VIA
163,VIA
171,VIA
172,VIA
164,VIA
165,VIA
166,VIA
170,VIA
168,VIA
167,VIA
169,VIA
173,VIA
174,VIA
175,VIA
176,VIA
177,VIA
178,VIA
179,VIA
180,VIA
181,VIA
182,VIA
183,VIA
184,VIA
185,VIA
186,VIA
187,VIA
188,VIA
189,VLE
190,VLE
191,VLE
192,VLE
193,VLE
194,VLE
195,VLE
196,VLE
197,VLE
198,VLE
199,VLE
200,VLE
201,VLE
202,VLE
203,VLE
204,VLE
205,VLE
206,VLE
207,VLE
799,CSO
800,VIA
801,VIA
802,VIA
868,VLE
925,CSO
926,PLE
927,VIA
928,VLE
929,PZA
930,VIA
931,VIA
932,VIA
933,VIA
934,VIA
935,VIA
936,VIA
937,VIA
938,VIA
939,VIA
940,VIA
941,VIA
942,VIA
943,VIA
944,VIA
945,VIA
946,VIA
947,VIA
948,VLE
949,VLE
950,VLE
951,VLE
952,VLE
953,VLE
954,VIA
955,CSO
956,CSO
957,PLE
958,PZA
959,PZA
960,RIP
961,VIA
962,VIA
963,VIA
964,VIA
965,VIA
966,VIA
967,VIA
968,VIA
969,VIA
970,VIA
971,VIA
972,VIA
973,VIA
974,VIA
975,VIA
976,VIA
977,VIA
978,VIA
979,VIA
980,VIA
981,VIA
982,VIA
983,VIA
984,VIA
985,VIA
986,VIA
992,VIA
987,VIA
990,VIA
991,VIA
988,VIA
989,VIA
993,VIA
994,VIA
995,VIA
996,VIA
997,VIA
998,VIA
999,VIA
1000,VIA
1001,VIA
1002,VIA
1003,VIA
1004,VIA
1005,VIA
1006,VIA
1007,VIA
1008,VIA
1009,VIA
1010,VIA
1011,VIA
1012,VIA
1013,VIA
1014,VIA
1015,VIA
1016,VIA
1017,VIA
1018,VIA
1019,VIA
1020,VIA
1021,VIA
1022,VIA
1023,VIA
1024,VIA
1025,VIA
1026,VIA
1027,VIA
1028,VIA
1029,VIA
1030,VIA
1031,VIA
1032,VIA
1033,VIA
1034,VIA
1035,VIA
1036,VIA
1037,VIA
1038,VIA
1039,VIA
1040,VIA
1041,VIA
1043,VIA
1042,VIA
1044,VIA
1045,VIA
1046,VIA
1047,VIA
1048,VIA
1051,VIA
1050,VIA
1049,VIA
1052,VIA
1053,VIA
1054,VIA
1055,VIA
1056,VIA
1058,VIA
1059,VIA
1057,VIA
1060,VIA
1061,VIA
1062,VIA
1063,VIA
1064,VIA
1065,VIA
1066,VIA
1067,VIA
1068,VIA
1069,VIA
1070,VIA
1071,VIA
1072,VIA
1073,VIA
1074,VIA
1075,VLE
1076,VLE
1077,VLE
1078,VLE
1079,VLE
1080,VLE
1081,VLE
1082,VLE
1083,VLE
1084,VLE
1085,VLE
1086,VLE
1087,VLE
1088,VLE
1089,VIA
1106,PZA
1107,VIA
1108,VIA
1109,VLE
1110,VLE
1111,PZA
1112,VIA
1113,VIA
1114,VIA
1115,VIA
1116,VIA
1117,VIA
1118,VIA
1119,VIA
1120,VIA
1121,VIA
1122,VIA
1123,VIA
1124,VIA
1125,VIA
1126,VIA
1127,VIA
1128,VIA
1129,VLE
1130,VLE
1131,VLE
1132,VIA
1133,CSO
1134,VIA
1135,VIA
1136,VIA
1137,VIA
1138,VLE
1139,VIA
1140,VLE
1141,CSO
1142,CSO
1143,CSO
1144,CSO
1145,PLE
1146,PZA
1147,PZA
1148,VIA
1149,VIA
1150,VIA
1151,VIA
1152,VIA
1156,VIA
1153,VIA
1154,VIA
1155,VIA
1157,VIA
1159,VIA
1158,VIA
1160,VIA
1161,VIA
1162,VIA
1163,VIA
1164,VIA
1165,VIA
1166,VIA
1167,VIA
1168,VIA
1169,VIA
1170,VIA
1171,VIA
1172,VIA
1173,VIA
1174,VIA
1175,VIA
1176,VIA
1177,VIA
1178,VIA
1179,VIA
1180,VIA
1181,VIA
1182,VIA
1183,VIA
1184,VIA
1185,VIA
1186,VIA
1187,VIA
1188,VIA
1189,VIA
1190,VIA
1191,VLE
1192,VLE
1193,VLE
1194,VLE
1195,VLE
1196,VLE
1197,VLE
1198,VLE
1199,VLE
1200,VLE
1201,VLE
1202,VLE
1203,VIA
1204,VLE
1205,VLE
1207,VIA
1208,VIA
1209,VIA
1210,VLE
1211,VLE
1212,VIA
1213,VIA
1214,VIA
1215,VIA
1216,VLE
1217,VLE
1218,VLE
1219,VLE
1206,VIA
1220,ALZ
1221,BST
1222,CSO
1224,CSO
1223,CSO
1225,CSO
1226,CSO
1227,CSO
1228,CSO
1229,CSO
1230,CSO
1231,CSO
1232,CSO
1233,CSO
1234,CSO
1235,CSO
1236,CSO
1237,CSO
1238,CSO
1239,CSO
1240,CSO
1241,CSO
1242,CSO
1243,CSO
1244,CSO
1245,CSO
1248,CSO
1246,CSO
1247,CSO
1249,CSO
1250,CSO
1251,CSO
1252,CSO
1253,FOR
1254,GLL
1255,GLL
1256,GLL
1257,LGO
1258,LGO
1259,LGO
1260,LGO
1261,LGO
1262,LGO
1263,PLE
1264,PLE
1265,PLE
1266,PLE
1267,PLE
1268,PLE
1269,PLE
1270,PLE
1271,PLE
1272,PLE
1273,PLE
1274,PLE
1275,PLE
1276,PLE
1278,PLE
1277,PLE
1279,PLE
1280,PLE
1281,PLE
1282,PLE
1283,PLE
1284,PLE
1285,PTA
1286,PZA
1287,PZA
1288,PZA
1289,PZA
1290,PZA
1291,PZA
1292,PZA
1293,PZA
1294,PZA
1295,PZA
1296,PZA
1297,PZA
1298,PZA
1299,PZA
1300,PZA
1301,PZA
1302,PZA
1303,PZA
1304,PZA
1305,PZA
1306,PZA
1307,PZA
1308,PZA
1309,PZA
1310,PZA
1311,PZA
1312,PZA
1313,PZA
1316,PZA
1315,PZA
1314,PZA
1317,PZA
1318,PZA
1319,PZA
1320,PZA
1321,PZA
1322,RIP
1323,RIP
1324,VIA
1325,VIA
1326,VIA
1327,VIA
1328,VIA
1329,VIA
1330,VIA
1331,VIA
1332,VIA
1333,VIA
1334,VIA
1335,VIA
1336,VIA
1337,VIA
1338,VIA
1339,VIA
1340,VIA
1341,VIA
1342,VIA
1343,VIA
1344,VIA
1345,VIA
1346,VIA
1347,VIA
1348,VIA
1349,VIA
1350,VIA
1351,VIA
1352,VIA
1353,VIA
1354,VIA
1355,VIA
1356,VIA
1357,VIA
1358,VIA
1359,VIA
1360,VIA
1361,VIA
1362,VIA
1363,VIA
1364,VIA
1365,VIA
1366,VIA
1367,VIA
1368,VIA
1369,VIA
1370,VIA
1371,VIA
1372,VIA
1373,VIA
1374,VIA
1375,VIA
1376,VIA
1377,VIA
1378,VIA
1379,VIA
1380,VIA
1381,VIA
1382,VIA
1383,VIA
1384,VIA
1385,VIA
1386,VIA
1387,VIA
1388,VIA
1389,VIA
1390,VIA
1391,VIA
1392,VIA
1393,VIA
1394,VIA
1395,VIA
1396,VIA
1397,VIA
1398,VIA
1399,VIA
1400,VIA
1401,VIA
1402,VIA
1403,VIA
1404,VIA
1405,VIA
1406,VIA
1407,VIA
1408,VIA
1409,VIA
1410,VIA
1411,VIA
1412,VIA
1413,VIA
1414,VIA
1415,VIA
1416,VIA
1417,VIA
1418,VIA
1419,VIA
1423,VIA
1420,VIA
1421,VIA
1422,VIA
1424,VIA
1425,VIA
1426,VIA
1427,VIA
1428,VIA
1429,VIA
1430,VIA
1431,VIA
1432,VIA
1433,VIA
1434,VIA
1435,VIA
1436,VIA
1437,VIA
1438,VIA
1439,VIA
1440,VIA
1441,VIA
1442,VIA
1443,VIA
1444,VIA
1445,VIA
1446,VIA
1447,VIA
1448,VIA
1449,VIA
1450,VIA
1451,VIA
1452,VIA
1453,VIA
1454,VIA
1455,VIA
1456,VIA
1457,VIA
1458,VIA
1459,VIA
1460,VIA
1461,VIA
1462,VIA
1463,VIA
1464,VIA
1465,VIA
1466,VIA
1467,VIA
1468,VIA
1469,VIA
1470,VIA
1471,VIA
1472,VIA
1473,VIA
1474,VIA
1475,VIA
1476,VIA
1477,VIA
1478,VIA
1479,VIA
1480,VIA
1481,VIA
1482,VIA
1483,VIA
1484,VIA
1487,VIA
1485,VIA
1486,VIA
1488,VIA
1489,VIA
1490,VIA
1491,VIA
1492,VIA
1493,VIA
1494,VIA
1495,VIA
1496,VIA
1497,VIA
1498,VIA
1499,VIA
1500,VIA
1501,VIA
1502,VIA
1503,VIA
1504,VIA
1505,VIA
1506,VIA
1507,VIA
1508,VIA
1509,VIA
1510,VIA
1511,VIA
1512,VIA
1513,VIA
1514,VIA
1515,VIA
1516,VIA
1517,VIA
1518,VIA
1559,VIA
1561,VIA
1562,VIA
1563,VIA
1519,VIA
1520,VIA
1521,VIA
1522,VIA
1523,VIA
1524,VIA
1525,VIA
1526,VIA
1527,VIA
1528,VIA
1529,VIA
1530,VIA
1531,VIA
1532,VIA
1533,VIA
1534,VIA
1551,VIA
1553,VIA
1554,VIA
1555,VIA
1556,VIA
1557,VIA
1558,VIA
1537,VIA
1552,VIA
1535,VIA
1536,VIA
1538,VIA
1539,VIA
1540,VIA
1541,VIA
1542,VIA
1543,VIA
1544,VIA
1545,VIA
1546,VIA
1547,VIA
1548,VIA
1549,VIA
1550,VIA
1560,VIA
1564,VIA
1565,VIA
1566,VIA
1567,VIA
1568,VIA
1569,VIA
1570,VIA
1573,VIA
1574,VIA
1575,VIA
1571,VIA
1572,VIA
1576,VIA
1577,VIA
1578,VIA
1579,VIA
1580,VIA
1581,VIA
1582,VIA
1599,VIA
1600,VIA
1601,VIA
1602,VIA
1603,VIA
1604,VIA
1583,VIA
1584,VIA
1585,VIA
1586,VIA
1587,VIA
1588,VIA
1589,VIA
1590,VIA
1592,VIA
1591,VIA
1593,VIA
1594,VIA
1595,VIA
1596,VIA
1597,VIA
1598,VIA
1605,VIA
1606,VIA
1607,VIA
1608,VIA
1609,VIA
1610,VIA
1611,VIA
1612,VIA
1614,VIA
1613,VIA
1615,VIA
1616,VIA
1618,VIA
1617,VIA
1619,VIA
1620,VIA
1621,VIA
1622,VIA
1623,VIA
1624,VIA
1625,VIA
1626,VIA
1627,VIA
1628,VIA
1629,VIA
1630,VIA
1631,VIA
1632,VIA
1633,PZA
1634,VIA
1635,VIA
1636,VIA
1637,VIA
1638,VIA
1639,VIA
1640,VIA
1641,VIA
1642,VIA
1643,VIA
1644,VIA
1645,VIA
1646,VIA
1647,VIA
1648,VIA
1649,VIA
1650,VIA
1651,VIA
1652,VIA
1653,VIA
1654,VIA
1655,VIA
1657,VIA
1656,VIA
1658,VIA
1659,VIA
1660,VIA
1661,VIA
1662,VIA
1663,VIA
1664,VIA
1665,VIA
1666,VIA
1667,VIA
1668,VIA
1669,VIA
1670,VIA
1671,VIA
1672,VIA
1673,VIA
1674,VIA
1675,VIA
1676,VIA
1677,VIA
1678,VIA
1679,VIA
1680,VIA
1681,VIA
1682,VIA
1683,VIA
1684,VIA
1685,VIA
1686,VIA
1687,VIA
1688,VIA
1689,VIA
1690,VIA
1691,VIA
1692,VIA
1693,VIA
1694,VIA
1695,VIA
1696,VIA
1697,VIA
1698,VIA
1699,VIA
1700,VIA
1701,VIA
1702,VIA
1703,VIA
1704,VIA
1705,VIA
1706,VIA
1707,VIA
1708,VIA
1709,VIA
1710,VIA
1711,VIA
1712,VIA
1713,VIA
1714,VIA
1715,VIA
1716,VIA
1717,VIA
1718,VIA
1719,VIA
1720,VIA
1721,VIA
1722,VIA
1723,VIA
1724,VIA
1725,VIA
1726,VIA
1727,VIA
1728,VIA
1729,VIA
1730,VIA
1731,VIA
1732,VIA
1733,VIA
1734,VIA
1735,VIA
1736,VIA
1737,VIA
1738,VIA
1739,VIA
1740,VIA
1741,VIA
1742,VIA
1743,VIA
1744,VIA
1745,VIA
1746,VIA
1747,VIA
1748,VIA
1749,VIA
1750,VIA
1751,VIA
1752,VIA
1753,VIA
1754,VIA
1755,VIA
1756,VIA
1757,VIA
1758,VIA
1759,VIA
1760,VIA
1761,VIA
1762,VIA
1763,VIA
1764,VIA
1765,VIA
1766,VIA
1770,VIA
1771,VIA
1772,VIA
1773,VIA
1774,VIA
1775,PZA
1776,VIA
1777,VIA
1778,VIA
1779,VIA
1780,VIA
1767,VIA
1769,VIA
1768,VIA
1781,VIA
1782,VIA
1783,VIA
1784,VIA
1785,VIA
1786,VIA
1787,VIA
1788,VIA
1789,VIA
1790,VIA
1791,VIA
1792,VIA
1793,VIA
1794,VIA
1795,VIA
1796,VIA
1797,VIA
1798,VIA
1799,VIA
1800,VIA
1801,VIA
1802,VIA
1803,VIA
1804,VIA
1805,VIA
1806,VIA
1807,VIA
1808,VIA
1809,VIA
1810,VIA
1811,VIA
1812,VIA
1813,VIA
1814,VIA
1815,VIA
1816,VIA
1817,VIA
1818,VIA
1819,VIA
1820,VIA
1821,VIA
1823,VIA
1822,VIA
1824,VIA
1825,VIA
1826,VIA
1827,VIA
1828,VIA
1829,VIA
1830,VIA
1831,VIA
1832,VIA
1833,VIA
1834,VIA
1835,VIA
1836,VIA
1837,VIA
1838,VIA
1839,VIA
1840,VIA
1841,VIA
1842,VIA
1843,VIA
1844,VIA
1845,VIA
1846,VIA
1847,VIA
1848,VIA
1849,VIA
1850,VIA
1851,VIA
1852,VIA
1853,VIA
1854,VIA
1855,VIA
1856,VIA
1857,VIA
1858,VIA
1859,VIA
1860,VIA
1861,VIA
1862,VIA
1863,VIA
1864,VIA
1865,VIA
1866,VIA
1868,VIA
1867,VIA
1869,VIA
1870,VIA
1871,VIA
1872,VIA
1873,VIA
1874,VIA
1875,VIA
1876,VIA
1877,VIA
1878,VIA
1879,VIA
1880,VIA
1881,VIA
1882,VIA
1883,VIA
1884,VIA
1885,VIA
1886,VIA
1887,VIA
1888,VIA
1889,VIA
1890,VIA
1891,VIA
1892,VIA
1893,VIA
1894,VIA
1895,VIA
1896,VIA
1897,VIA
1898,VIA
1899,VIA
1900,VIA
1901,VIA
1902,VIA
1903,VIA
1904,VIA
1905,VIA
1906,VIA
1907,VIA
1908,VIA
1909,VIA
1910,VIA
1911,VIA
1912,VIA
1913,VIA
1914,VIA
1915,VIA
1916,VIA
1917,VIA
1918,VIA
1919,VIA
1920,VIA
1921,VIA
1922,VIA
1923,VIA
1924,VIA
1925,VIA
1926,VIA
1927,VIA
1928,VIA
1929,VIA
1930,VIA
1931,VIA
1932,VIA
1933,VIA
1934,VIA
1935,VIA
1936,VIA
1937,VIA
1938,VIA
1939,VIA
1940,VIA
1941,VIA
1942,VIA
1943,VIA
1944,VIA
1945,VIA
1946,VIA
1947,VIA
1948,VIA
1949,VIA
1950,VIA
1951,VIA
1952,VIA
1953,VIA
1954,VIA
1955,VIA
2011,VIA
1956,VIA
1957,VIA
1958,VIA
1959,VIA
1960,VIA
1961,VIA
1962,VIA
1963,VIA
1965,VIA
1966,VIA
1967,VIA
1968,VIA
1969,VIA
1970,VIA
1971,VIA
1972,VIA
1980,VIA
1981,VIA
1964,VIA
1974,VIA
1975,VIA
1982,VIA
1973,VIA
1976,VIA
1977,VIA
1978,VIA
1979,VIA
1983,VIA
1984,VIA
1985,VIA
1986,VIA
1987,VIA
1988,VIA
1989,VIA
1990,VIA
1991,VIA
1992,VIA
1993,VIA
1994,VIA
1995,VIA
1996,VIA
1997,VIA
1998,VIA
1999,VIA
2000,VIA
2001,VIA
2002,VIA
2003,VIA
2004,VIA
2005,VIA
2006,VIA
2009,VIA
2007,VIA
2008,VIA
2010,VIA
2012,VIA
2013,VIA
2014,VIA
2015,VIA
2016,VIA
2017,VIA
2018,VIA
2019,VIA
2020,VIA
2021,VIA
2022,VIA
2023,VIA
2024,VIA
2025,VIA
2026,VIA
2027,VIA
2028,VIA
2029,VIA
2030,VIA
2031,VIA
2032,VIA
2033,VIA
2034,VIA
2035,VIA
2036,VIA
2037,VIA
2038,VIA
2039,VIA
2040,VIA
2041,VIA
2042,VIA
2043,VIA
2044,VIA
2045,VIA
2046,VIA
2047,VIA
2049,VIA
2048,VIA
2050,VIA
2051,VIA
2052,VIA
2053,VIA
2054,VIA
2055,VIA
2056,VIA
2057,VIA
2058,VIA
2059,VIA
2060,VIA
2061,VIA
2062,VIA
2063,VIA
2064,VIA
2065,VIA
2066,VIA
2067,VIA
2068,VIA
2069,VIA
2070,VIA
2071,VIA
2072,VIA
2073,VIA
2074,VIA
2075,VIA
2076,VIA
2078,VIA
2077,VIA
2079,VIA
2080,VIA
2082,VIA
2089,VIA
2090,VIA
2091,VIA
2094,VIA
2095,VIA
2096,VIA
2081,VIA
2083,VIA
2084,VIA
2085,VIA
2086,VIA
2087,VIA
2088,VIA
2092,VIA
2093,VIA
2097,VIA
2098,VIA
2099,VIA
2100,VIA
2101,VIA
2102,VIA
2103,VIA
2104,VIA
2105,VIA
2106,VIA
2107,VIA
2108,VIA
2109,VIA
2110,VIA
2111,VIA
2112,VIA
2113,VIA
2114,VIA
2115,VIA
2116,VIA
2117,VIA
2118,VIA
2119,VIA
2120,VIA
2121,VIA
2122,VIA
2123,VIA
2124,VIA
2125,VIA
2126,VIA
2127,VIA
2128,VIA
2129,VIA
2130,VIA
2131,VIA
2132,VIA
2133,VIA
2134,VIA
2135,VIA
2136,VIA
2137,VIA
2138,VIA
2139,VIA
2140,VIA
2141,VIA
2142,VIA
2143,VIA
2144,VIA
2145,VIA
2146,VLE
2147,VLE
2148,VLE
2149,VLE
2150,VLE
2151,VLE
2152,VLE
2153,VLE
2154,VLE
2155,VLE
2156,VLE
2157,VLE
2158,VLE
2159,VLE
2160,VLE
2161,VLE
2162,VLE
2163,VLE
2164,VLE
2165,VLE
2166,VLE
2167,VLE
2168,VLE
2169,VLE
2170,VLE
2171,VLE
2172,VLE
2173,VLE
2174,VLE
2175,VLE
2176,VLE
2177,VLE
2178,VLE
2179,VLE
2180,VLE
2181,VLE
2182,VLE
2183,VLE
2184,VLE
2185,VLE
2186,VLE
2187,VLE
2188,VLE
2189,VLE
2190,VLE
2192,VLE
2191,VLE
2193,VLE
2194,VLE
2195,VLE
2197,VLE
2196,VLE
2198,VLE
2199,VLE
2200,VLE
2201,VLE
2202,VLE
2203,VLE
2204,VLE
2205,VLE
2206,VLE
2207,VLE
2208,VLE
2209,VLE
2210,VLE
2211,VLE
2212,VLE
2213,VLE
2214,VLE
2215,VLE
2216,VLE
2217,VLE
2218,VLE
2219,VLE
2220,VLE
2221,VIA
2222,VLE
2223,VIA
2224,VLE
2225,VLE
2226,VLE
2227,VLE
2228,VLE
2230,VLE
2229,VLE
2231,VLE
2232,VLE
2233,VLE
2234,VLE
2235,VLE
2236,VLE
2237,VLE
2238,VLE
2239,VLE
2240,VLE
2241,VLE
2242,VLE
2243,VLE
2244,VLE
2245,VLE
2246,VLE
2247,VLE
2248,VLE
2249,VLE
2250,VLE
2251,VLE
2252,VLE
2253,VLE
2254,VLE
2255,VLE
2256,VLE
2257,VLE
2258,VLE
2259,VLE
2260,VLE
2261,VLE
2262,VLE
2263,VLE
2264,VLE
2265,VLE
2266,VLE
2267,VLO
2270,VIA
2271,VIA
2268,VIA
2269,VLE
2272,VIA
2328,CSO
2329,CSO
2330,CSO
2331,LGO
2332,PLE
2333,VIA
2334,VIA
2335,VIA
2336,VIA
2337,VIA
2338,VIA
2339,VIA
2340,VIA
2341,VIA
2342,VIA
2343,VIA
2344,VIA
2345,VIA
2346,VIA
2347,VIA
2348,VIA
2349,VIA
2350,CSO
2351,CSO
2352,CSO
2353,PZA
2354,VIA
2355,VIA
2356,VIA
2357,VIA
2358,VIA
2359,VIA
2360,VIA
2361,VIA
2362,VIA
2363,VIA
2364,VIA
2365,VIA
2366,VIA
2367,VIA
2368,VIA
2369,VIA
2370,VIA
2371,VIA
2372,VIA
2284,CSO
2285,PZA
2286,VIA
2287,VIA
2288,VIA
2289,VIA
2290,VIA
2291,VIA
2292,VIA
2293,VIA
2294,VLE
2295,PZA
2296,VIA
2297,VIA
2298,VIA
2299,VIA
2300,VIA
2301,VLE
2302,VLE
2303,VLE
2304,GLL
2305,VIA
2306,VIA
2307,VIA
2308,VIA
2309,VIA
2310,VIA
2311,VIA
2312,VIA
2313,VIA
2314,VIA
2315,VIA
2316,VIA
2317,VLE
2318,VLE
2319,VIA
2320,VLE
2321,PZA
2322,VIA
2323,VIA
2324,CSO
2325,VIA
2326,VIA
2327,VLE
2273,VIA
2274,VIA
2275,VIA
2276,VIA
2277,VIA
2278,VIA
2279,VIA
2280,VIA
2281,VIA
2282,VIA
2283,VIA
2373,VIA
2374,VIA
2375,VIA
2376,ALZ
2377,ALZ
2378,CSO
2379,CSO
2380,CSO
2381,CSO
2382,CSO
2383,CSO
2384,CSO
2385,CSO
2386,CSO
2387,LGO
2388,LGO
2389,LGO
2390,LGO
2391,LGO
2392,PLE
2393,PLE
2394,PLE
2395,PLE
2396,PLE
2397,PLE
2398,PZA
2399,PZA
2400,PZA
2401,PZA
2402,PZA
2403,PZA
2404,PZA
2405,PZA
2406,PZA
2407,PZA
2408,PZA
2409,PZA
2410,PZA
2411,PZA
2412,PZA
2413,VIA
2414,PZA
2415,PZA
2416,PZA
2417,PZA
2418,RIP
2419,VIA
2420,VIA
2421,VIA
2422,VIA
2423,VIA
2424,VIA
2425,VIA
2426,VIA
2427,VIA
2428,VIA
2429,VIA
2430,VIA
2431,VIA
2432,VIA
2433,VIA
2434,VIA
2435,VIA
2436,VIA
2437,VIA
2438,VIA
2439,VIA
2440,VIA
2441,VIA
2444,VIA
2442,VIA
2443,VIA
2445,VIA
2446,VIA
2447,VIA
2448,VIA
2449,VIA
2450,VIA
2451,VIA
2452,VIA
2453,VIA
2454,VIA
2455,VIA
2456,VIA
2457,VIA
2458,VIA
2459,VIA
2460,VIA
2461,VIA
2462,VIA
2463,VIA
2464,VIA
2465,VIA
2466,VIA
2467,VIA
2468,VIA
2469,VIA
2470,VIA
2471,VIA
2473,VIA
2472,VIA
2474,VIA
2475,VIA
2476,VIA
2477,VIA
2478,VIA
2479,VIA
2480,VIA
2481,VIA
2482,VIA
2483,VIA
2484,VIA
2485,VIA
2486,VIA
2487,VIA
2488,VIA
2489,VIA
2490,VIA
2491,VIA
2492,VIA
2493,VIA
2494,VIA
2495,VIA
2497,VIA
2496,VIA
2498,VIA
2499,VIA
2500,VIA
2501,VIA
2502,VIA
2503,VIA
2504,VIA
2505,VIA
2506,VIA
2526,VIA
2507,VIA
2508,VIA
2509,VIA
2510,VIA
2511,VIA
2512,VIA
2513,VIA
2514,VIA
2522,VIA
2523,VIA
2524,VIA
2525,VIA
2515,VIA
2516,VIA
2517,VIA
2518,VIA
2519,VIA
2520,VIA
2521,VIA
2527,VIA
2528,VIA
2529,VIA
2530,VIA
2531,VIA
2532,VIA
2533,VIA
2545,VIA
2546,VIA
2534,VIA
2535,VIA
2536,VIA
2537,VIA
2538,VIA
2539,VIA
2540,VIA
2541,VIA
2542,VIA
2543,VIA
2544,VIA
2547,VIA
2548,VIA
2550,VIA
2549,VIA
2551,VIA
2552,VIA
2553,VIA
2554,VIA
2555,VIA
2556,VIA
2557,VIA
2558,VIA
2559,VIA
2560,VIA
2561,VIA
2562,VIA
2563,VIA
2564,VIA
2565,VIA
2566,VIA
2567,VIA
2568,VIA
2569,VIA
2570,VIA
2571,VIA
2572,VIA
2573,VIA
2574,VIA
2575,VIA
2576,VIA
2577,VIA
2578,VIA
2579,VIA
2580,VIA
2581,VIA
2582,VIA
2583,VIA
2584,VIA
2585,VIA
2586,VIA
2587,VIA
2588,VIA
2589,VIA
2590,VIA
2591,VIA
2592,VIA
2593,VIA
2594,VIA
2595,VIA
2596,VIA
2597,VIA
2598,VIA
2599,VIA
2600,VIA
2601,VIA
2602,VIA
2604,VIA
2605,VIA
2603,VIA
2606,VIA
2607,VIA
2608,VIA
2609,VIA
2610,VIA
2611,VIA
2612,VIA
2613,VIA
2614,VIA
2615,VIA
2616,VIA
2617,VIA
2618,VIA
2619,VIA
2620,VIA
2621,VIA
2622,VIA
2623,VIA
2624,VIA
2625,VIA
2626,VIA
2627,VIA
2628,VIA
2629,VIA
2630,VIA
2631,VIA
2632,VIA
2633,VIA
2634,VIA
2635,VIA
2636,VIA
2637,VIA
2638,VIA
2639,VIA
2640,VIA
2641,VIA
2642,VIA
2643,VIA
2644,VIA
2645,VIA
2646,VIA
2647,VIA
2648,VIA
2649,VIA
2650,VIA
2651,VIA
2652,VIA
2653,VIA
2654,VIA
2655,VIA
2656,VIA
2657,VIA
2658,VIA
2659,VIA
2660,VIA
2661,VIA
2662,VIA
2663,VIA
2664,VIA
2665,VIA
2666,VIA
2668,VIA
2667,VIA
2669,VIA
2670,VIA
2671,VIA
2672,VIA
2673,VIA
2674,VIA
2675,VIA
2676,VIA
2677,VIA
2678,VIA
2679,VIA
2680,VIA
2681,VIA
2682,VIA
2683,VIA
2684,VIA
2709,VIA
2685,VIA
2686,VIA
2687,VIA
2688,VIA
2689,VIA
2691,VIA
2693,VIA
2694,VIA
2695,VIA
2696,VIA
2690,VIA
2692,VIA
2697,VIA
2700,VIA
2698,VIA
2699,VIA
2701,VIA
2702,VIA
2703,VIA
2704,VIA
2705,VIA
2706,VIA
2707,VIA
2708,VIA
2710,VIA
2711,VIA
2712,VIA
2713,VIA
2714,VIA
2715,VIA
2716,VIA
2717,VIA
2718,VIA
2719,VIA
2720,VIA
2721,VIA
2722,VIA
2723,VIA
2724,VIA
2725,VIA
2726,VIA
2727,VIA
2728,VIA
2729,VIA
2730,VIA
2731,VIA
2732,VIA
2733,VIA
2734,VIA
2735,VIA
2736,VIA
2737,VIA
2738,VIA
2741,VIA
2742,VIA
2739,VIA
2740,VIA
2743,VIA
2744,VIA
2745,VIA
2746,VIA
2747,VIA
2748,VIA
2749,VIA
2750,VIA
2751,VIA
2752,VIA
2753,VIA
2754,VIA
2755,VIA
2756,VIA
2757,VIA
2758,VIA
2759,VIA
2760,VIA
2761,VIA
2762,VLE
2763,VLE
2764,VLE
2765,VLE
2766,VLE
2767,VLE
2768,VLE
2769,VLE
2770,VLE
2771,VLE
2772,VLE
2773,VLE
2774,VLE
2775,VLE
2776,VLE
2777,VLE
2778,VLE
2779,VLE
2780,VLE
2781,VLE
2782,VLE
2783,VLE
2784,VLE
2785,VLE
2786,VLE
2787,VLE
2788,VLE
2789,VLE
2790,VLE
2791,VLE
2792,VLE
2793,VLE
2794,VLE
2795,VLE
2796,VLE
2797,VLE
2798,VLE
2799,VLE
2800,VLE
2801,VLE
2802,VLE
2803,VLE
2804,VLE
2805,VLE
2806,VLE
2807,VLE
2808,VLE
2809,VLE
2810,VLE
2811,VLE
2812,VLE
2813,VLE
2814,VLE
2815,VIA
2816,VIA
2817,VIA
2818,PZA
2819,PZA
2820,PZA
2821,VIA
2822,VIA
2823,VIA
2824,VIA
2825,VIA
2826,VIA
2827,VIA
2828,VIA
2829,VIA
2830,VIA
2831,VIA
2832,VIA
2833,PZA
2834,VIA
2835,VIA
2836,VIA
2837,VIA
2838,VIA
2839,VIA
2840,VIA
2841,VIA
2842,VIA
2843,VIA
2844,PZA
2845,VIA
2846,VIA
2847,VIA
2848,VIA
2849,VIA
2850,VIA
2851,VIA
2852,VIA
2853,VLE
2854,VLE
2855,VIA
2865,VLE
2866,VLE
2860,VIA
2861,VIA
2862,VIA
2863,PLE
2864,VIA
2856,VIA
2857,VLE
2858,VLE
2859,VIA
2867,VIA
2889,VIA
2890,VIA
2891,VIA
2892,VIE
2871,PLE
2872,VIA
2873,VIA
2874,VLE
2875,CSO
2876,PZA
2877,VIA
2878,VIA
2879,VIA
2880,VIA
2881,VIA
2882,VIA
2883,VIA
2884,VIA
2885,PZA
2886,VIA
2887,VIA
2888,VIA
2868,VIA
2869,VIA
2870,VIA
2893,LGO
2894,PLE
2895,PZA
2896,PZA
2897,VIA
2898,VIA
2899,VIA
2900,VIA
2901,VIA
2902,VIA
2903,VIA
2904,VIA
2905,VIA
2906,VIA
2907,VIA
2908,VLE
2909,VLE
2910,ALZ
3169,ALZ
3170,BST
3171,CSO
3172,CSO
3173,CSO
3174,CSO
3175,CSO
3176,CSO
3177,CSO
3178,CSO
3179,CSO
3180,CSO
3181,CSO
3182,CSO
3183,CSO
3184,CSO
3185,CSO
3186,CSO
3187,CSO
3188,CSO
3189,CSO
3190,CSO
3191,CSO
3192,CSO
3193,CSO
3194,CSO
3195,CSO
3196,CSO
3197,CSO
3198,CSO
3199,CSO
3200,CSO
3201,LGO
3202,LGO
3203,LGO
3204,LGO
3205,LGO
3206,PLE
3207,PLE
3208,PLE
3209,PTA
3210,PTA
3211,PZA
3212,PZA
3213,PZA
3214,PZA
3215,PZA
3216,PZA
3217,PZA
3218,PZA
3219,PZA
3220,PZA
3221,PZA
3222,PZA
3223,PZA
3224,PZA
3225,PZA
3226,PZA
3227,RIP
3228,RIP
3229,VIA
3230,VIA
3231,VIA
3232,VIA
3233,VIA
3234,VIA
3235,VIA
3236,VIA
3237,VIA
3238,VIA
3239,VIA
3240,VIA
3241,VIA
3242,VIA
3243,VIA
3244,VIA
3245,VIA
3246,VIA
3247,VIA
3248,VIA
3249,VIA
3250,VIA
3251,VIA
3252,VIA
3253,VIA
3254,VIA
3256,VIA
3255,VIA
3257,VIA
3258,VIA
3259,VIA
3260,VIA
3261,VIA
3262,VIA
3263,VIA
3264,VIA
3265,VIA
3266,VIA
3267,VIA
3268,VIA
3269,VIA
3270,VIA
3271,VIA
3272,VIA
3273,VIA
3274,VIA
3275,VLE
3276,VIA
3279,VIA
3277,VIA
3278,VIA
3280,VIA
3281,VIA
3282,VIA
3283,VIA
3284,VIA
3285,VIA
3286,VIA
3287,VIA
3288,VIA
3289,VIA
3290,VIA
3291,VIA
3292,VIA
3297,VIA
3293,VIA
3294,VIA
3295,VIA
3296,VIA
3298,VIA
3299,VIA
3300,VIA
3301,VIA
3308,VIA
3309,VIA
3310,VIA
3311,VIA
3312,VIA
3302,VIA
3303,VIA
3304,VIA
3305,VIA
3306,VIA
3307,VIA
3313,VIA
3314,VIA
3315,VIA
3316,VIA
3317,VIA
3318,VIA
3319,VIA
3320,VIA
3321,VIA
3322,VIA
3323,VIA
3324,VIA
3325,VIA
3326,VIA
3327,VIA
3328,VIA
3329,VIA
3330,VIA
3331,VIA
3332,VIA
3333,VIA
3334,VIA
3335,VIA
3336,VIA
3337,VIA
3338,VIA
3340,VIA
3339,VIA
3341,VIA
3342,VIA
3343,VIA
3344,VIA
3345,VIA
3347,VIA
3346,VIA
3348,VIA
3349,VIA
3350,VIA
3351,VIA
3352,VIA
3353,VIA
3354,VIA
3355,VIA
3356,VIA
3357,VIA
3358,VIA
3359,VIA
3360,VIA
3361,VIA
3362,VIA
3363,VIA
3364,VIA
3365,VIA
3366,VIA
3367,VIA
3368,VIA
3369,VIA
3370,VIA
3371,VIA
3372,VIA
3373,VIA
3374,VIA
3375,VIA
3377,VIA
3376,VIA
3378,VIA
3379,VIA
3380,VIA
3381,VIA
3382,VIA
3383,VIA
3384,VIA
3385,VIA
3386,VIA
3387,VIA
3388,VIA
3389,VIA
3390,VIA
3392,VIA
3391,VIA
3393,VIA
3394,VIA
3395,VIA
3396,VIA
3397,VIA
3398,VIA
3399,VIA
3400,VIA
3401,VIA
3402,VIA
3403,VIA
3404,VIA
3405,VIA
3406,VIA
3407,VIA
3408,VIA
3409,VIA
3410,VIA
3411,VIA
3412,VIA
3413,VIA
3415,VIA
3414,VIA
3417,VIA
3416,VIA
3433,VIA
3434,VIA
3418,VIA
3419,VIA
3420,VIA
3425,VIA
3426,VIA
3422,VIA
3421,VIA
3423,VIA
3424,VIA
3427,VIA
3428,VIA
3429,VIA
3430,VIA
3431,VIA
3432,VIA
3435,VIA
3436,VIA
3437,VIA
3438,VIA
3439,VIA
3440,VIA
3441,VIA
3442,VIA
3443,VIA
3444,VIA
3445,VIA
3446,VIA
3447,VIA
3448,VIA
3449,VIA
3450,VIA
3452,VIA
3451,VIA
3453,VIA
3454,VIA
3455,VIA
3456,VIA
3457,VIA
3458,VIA
3459,VIA
3460,VIA
3461,VIA
3462,VIA
3463,VIA
3464,VIA
3465,VIA
3466,VIA
3467,VLE
3468,VLE
3469,VLE
3470,VLE
3471,VLE
3472,VLE
3473,VLE
3474,VLE
3475,VLE
3476,VLE
3477,VLE
3478,VLE
3479,VLE
3480,VLE
3481,VLE
3483,VLE
3484,VLE
3482,VLE
3485,VLE
3486,VLE
3488,VLE
3487,VLE
3489,VLE
3490,VLE
3491,VLE
3492,VLE
3493,VLE
3494,VLE
3495,VLE
3496,VLE
3497,VLE
3498,VLE
3499,VLE
3500,VLE
3501,VLE
3502,VLE
3503,VLE
3505,VIA
3504,VIA
3506,PZA
3507,VIA
3508,VIA
3509,VIA
3510,VIA
3511,VIA
3515,VIA
3516,CSO
3517,CSO
3518,CSO
3519,CSO
3520,CSO
3521,CSO
3522,CSO
3523,CSO
3524,CSO
3525,CSO
3526,CSO
3527,CSO
3528,CSO
3529,VIA
3530,CSO
3531,CSO
3532,CSO
3533,CSO
3534,VIA
3535,CSO
3536,CSO
3537,CSO
3539,CSO
3538,CSO
3540,CSO
3541,CSO
3542,CSO
3543,FOR
3544,GLL
3545,GLL
3546,GLL
3547,GLL
3548,LGO
3549,LGO
3550,LGO
3551,PLE
3552,PLE
3553,PLE
3554,PLE
3555,PLE
3556,PZA
3558,PZA
3557,PZA
3559,PZA
3560,PZA
3561,PZA
3562,PZA
3563,PZA
3564,PZA
3565,PZA
3566,PZA
3567,VIA
3568,VIA
3569,VIA
3570,VIA
3571,VIA
3572,VIA
3573,VIA
3574,VIA
3575,VIA
3576,VIA
3577,VIA
3578,VIA
3579,VIA
3580,VIA
3581,VIA
3582,VIA
3583,VIA
3584,VIA
3585,VIA
3586,VIA
3587,VIA
3588,VIA
3589,VIA
3590,VIA
3591,VIA
3592,VIA
3593,VIA
3594,VIA
3595,VIA
3596,VIA
3597,VIA
3598,VIA
3599,VIA
3600,VIA
3601,VIA
3602,VIA
3603,VIA
3604,VIA
3605,VIA
3606,VIA
3608,VIA
3607,VIA
3609,VIA
3610,VIA
3611,VIA
3612,VIA
3613,VIA
3614,VIA
3615,VIA
3616,VIA
3617,VIA
3618,VIA
3619,VIA
3620,VIA
3621,VIA
3630,VIA
3629,VIA
3622,VIA
3623,VIA
3624,VIA
3625,VIA
3626,VIA
3628,VIA
3627,VIA
3631,VIA
3632,VIA
3633,VIA
3634,VIA
3642,VIA
3635,VIA
3636,VIA
3637,VIA
3638,VIA
3639,VIA
3640,VIA
3641,VIA
3643,VIA
3644,VIA
3645,VIA
3646,VIA
3647,VIA
3648,VIA
3649,VIA
3650,VIA
3651,VIA
3652,VIA
3653,VIA
3654,VIA
3655,VIA
3656,VIA
3657,VIA
3658,VIA
3659,VIA
3660,VIA
3661,VIA
3662,VIA
3663,VIA
3664,VIA
3665,VIA
3666,VIA
3667,VIA
3668,VIA
3669,VIA
3670,VIA
3671,VIA
3672,VIA
3673,VIA
3674,VIA
3675,VIA
3676,VIA
3677,VIA
3678,VIA
3679,VIA
3680,VIA
3681,VIA
3682,VIA
3683,VIA
3684,VIA
3685,VIA
3686,VIA
3687,VIA
3688,VIA
3690,VIA
3691,VIA
3689,VIA
3692,VIA
3693,VIA
3694,VIA
3695,VIA
3696,VIA
3697,VIA
3698,VIA
3699,CSO
3700,VIA
3701,VIA
3702,VIA
3703,VIA
3704,VIA
3705,VIA
3706,VIA
3707,VIA
3708,VIA
3709,VIA
3710,VIA
3711,VIA
3712,VIA
3713,VIA
3714,VIA
3715,VIA
3716,VIA
3717,VIA
3718,VIA
3719,VIA
3720,VIA
3721,VIA
3722,VIA
3723,VIA
3724,VIA
3725,VIA
3726,VIA
3727,VIA
3728,VIA
3729,VIA
3730,VIA
3731,VIA
3732,VIA
3733,VIA
3734,VIA
3735,VIA
3736,VIA
3737,VIA
3738,VIA
3739,VIA
3740,VIA
3741,VIA
3742,VIA
3745,VIA
3746,VIA
3747,VIA
3748,VIA
3749,VIA
3753,VIA
3752,VIA
3743,VIA
3744,VIA
3750,VIA
3751,VIA
3754,VIA
3755,VIA
3756,VIA
3757,VIA
3758,VIA
3759,VIA
3760,VIA
3761,VIA
3762,VIA
3763,VIA
3764,VIA
3765,VIA
3766,VIA
3767,VIA
3768,VIA
3769,VIA
3770,VIA
3771,VIA
3772,VIA
3773,VIA
3774,VIA
3775,VIA
3776,VIA
3777,VIA
3778,VIA
3780,VIA
3779,VIA
3781,VIA
3782,VIA
3783,VIA
3784,VIA
3785,VIA
3786,VIA
3787,VIA
3788,VIA
3789,VIA
3790,VIA
3791,VIA
3792,VIA
3793,VIA
3794,VLE
3795,VLE
3796,VLE
3797,VLE
3798,VLE
3799,VLE
3800,VLE
3801,VLE
3802,VLE
3803,VLE
3805,VLE
3804,VLE
3806,VLE
3807,VLE
3808,VLE
3809,VLE
3810,VLE
3811,VLE
3812,VLE
3813,VLE
3814,VLE
3815,VLE
3816,VLE
3817,VLE
3818,VIA
3819,VLE
3820,VLE
3821,VLE
3822,VLE
3823,VLE
3824,VLE
3825,VLE
3826,VLE
3827,VLE
3828,VLE
3832,PZA
3829,CSO
3830,VIA
3831,VIA
3512,VIA
3513,VLE
3514,VLE
2981,CSO
2982,CSO
2983,CSO
2984,CSO
2985,CSO
2986,FOR
2987,PLE
2988,PZA
2989,SIT
2990,VIA
2991,VIA
2992,VIA
2993,VIA
2994,VIA
2995,VIA
2996,VIA
2998,VIA
2997,VIA
2999,VIA
3000,VIA
3001,VIA
3002,VIA
3003,VIA
3004,VIA
3005,VIA
3006,VIA
3007,VIA
3008,VIA
3009,VIA
3010,VIA
3011,VIA
3012,VIA
3013,VIA
3014,VIA
3015,VIA
3016,VIA
3017,VIA
3018,VIA
3019,VIA
3020,VIA
3021,VIA
3022,VIA
3023,VIA
3024,VIA
3025,VLE
3026,VLE
3027,VLE
3028,VLE
3029,VLE
3030,VLE
3031,VLE
3032,VIA
3033,VIA
3034,CSO
3035,PZA
3036,VIA
3037,VIA
3038,VIA
3039,VIA
3040,VIA
3041,VIA
3042,VLE
3043,VIA
3044,VIA
3045,VIA
3046,VIA
3047,VIA
3048,VIA
3049,VIA
3050,VIA
3051,VIA
3052,VIA
3053,VIA
3054,VIA
3055,VIA
3056,VIA
3057,VIA
3058,VIA
3060,VIA
3059,VIA
3061,VIA
3062,CSO
3063,PZA
3064,PZA
3065,VIA
3066,VIA
3067,VIA
3068,VIA
3069,VIA
3070,VIA
3071,VIA
3072,VIA
3073,VIA
3074,VIA
3075,VIA
3076,VIA
3077,VIA
3078,VIA
3079,VIA
3080,VLE
3081,VLE
3082,VLE
3083,CSO
3084,LGO
3085,VIA
3086,VIA
3087,VIA
3088,VIA
3089,VIA
3090,VIA
3091,VIA
3092,VIA
3093,VIA
3094,VIA
3095,VIA
3096,VIA
3097,VIA
3098,VIA
3099,VIA
3100,VIA
3101,VIA
3102,VIA
3103,VIA
3104,VIA
3105,VIA
3106,VIA
3107,VIA
3108,VIA
3109,VIA
3110,VIA
3111,VIA
3112,VLE
3113,VLE
3114,VIA
3115,CSO
3116,CSO
3117,PZA
3118,VIA
3119,VIA
3120,VIA
3121,VIA
3122,VIA
3123,VIA
3124,VIA
3125,VIA
3126,VIA
3127,VIA
3128,VIA
3129,VLE
3130,BST
3131,CSO
3132,CSO
3133,PZA
3134,VIA
3135,VIA
3136,VIA
3137,VIA
3138,VIA
3139,VIA
3140,VIA
3141,VIA
3142,VIA
3146,VIA
3143,VIA
3144,VIA
3145,VIA
3147,VIA
3148,VIA
3149,VIA
3150,VIA
3151,VLE
3152,VLE
3153,CSO
3154,PLE
3155,PZA
3156,PZA
3157,PZA
3158,VIA
3159,VIA
3160,VIA
3161,VIA
3162,VIA
3164,VIA
3163,VIA
3165,VIA
3166,VIA
3167,VLE
3168,VLE
2911,CSO
2912,CSO
2913,LGO
2914,PLE
2915,PLE
2916,PZA
2917,PZA
2918,PZA
2919,PZA
2920,VIA
2921,VIA
2922,VIA
2923,VIA
2924,VIA
2925,VIA
2926,VIA
2927,VIA
2928,VIA
2929,VIA
2932,VIA
2930,VIA
2931,VIA
2933,VIA
2934,VIA
2935,VIA
2936,VIA
2937,VIA
2938,VIA
2939,VIA
2940,VIA
2941,VIA
2942,VIA
2943,VIA
2944,VIA
2945,VIA
2946,VIA
2947,VIA
2948,VIA
2949,VIA
2950,VIA
2951,VIA
2952,VIA
2953,VIA
2954,VIA
2955,VIA
2956,VIA
2957,VIA
2958,VIA
2959,VIA
2960,VIA
2961,VIA
2962,VIA
2963,VIA
2964,VIA
2965,VIA
2966,VLE
2967,VLE
2968,VLE
2969,VLE
2970,VLE
2971,VLE
2972,VLE
2973,VLE
2974,VLE
2975,VLE
2977,CSO
2976,VIA
2978,VIA
2979,CSO
2980,VIA
3833,CSO
3834,CSO
3835,PLE
3836,VIA
3837,VIA
3838,VIA
3839,VIA
3840,VIA
3841,VIA
3842,VIA
3843,VIA
3844,VIA
3845,VIA
3846,VIA
3847,VIA
3850,VIA
3848,VIA
3849,VIA
3851,VIA
3852,VIA
3853,VIA
3854,VIA
3855,VIA
3856,VIA
3857,VIA
3858,VIA
3859,VIA
3860,VIA
3861,VIA
3862,VIA
3863,VIA
3864,VIA
3865,VIA
3866,VIA
3867,VIA
3868,VIA
3869,VIA
3870,VIA
3871,VIA
3873,VIA
3872,VIA
3874,VIA
3875,VIA
3876,VIA
3877,VIA
3878,VIA
3879,VLE
3880,VLE
3881,VLE
3882,VLE
3883,VLE
3884,VLE
3885,VLE
3886,CSO
3887,GLL
3888,PLE
3889,VIA
3890,VIA
3891,VIA
3892,VIA
3893,VIA
3894,VLE
3895,VIA
3896,VIA
3897,VIA
3898,VIA
3899,VIA
3900,VIA
3901,VIA
3902,VIA
3903,VIA
3904,VIA
3905,CSO
3906,VIA
3907,VIA
3908,VIA
1090,VIA
1091,VIA
1092,VIA
1093,VIA
1094,VIA
1095,VIA
1096,VIA
1097,VIA
1098,VIA
1099,VIA
1100,VIA
1101,VIA
1102,VIA
1103,VIA
1104,VIA
1105,VLE
0,LGO
1,PZA
2,VIA
3,VIA
4,VIA
5,VIA
6,VIA
7,VIA
8,VIA
9,VIA
10,VIA
11,VIA
12,VIA
13,VIA
14,VIA
15,VIA
16,VIA
17,VIA
18,VIA
19,VIA
20,VIA
21,VIA
22,VIA
23,VIA
24,VIA
25,VLE
26,VLE
27,VLE
28,VLE
29,VLE
30,VLE
